MonthYear,MedianWaitweeks,Percentile92weeks,NoWithin18Weeks,NoWithin18WeeksWithEstimatesForMissingData,Within18WeeksPercentage,NoOver18Weeks,NoOver18WeeksWithEstimatesForMissingData,No52Weeks,No52WeeksWithEstimatesForMissingData,Over52WeekPercentage,No78Weeks,No78WeeksWithEstimatesForMissingData,No104Weeks,No104WeeksWithEstimatesForMissingData,TotalWaitingmil,TotalWaitingmilWithEstimatesForMissingData,MedianWaitweeks1,thPercentileweeks,NoWithin18Weeks1,No52Weeks1,NoOfPathwaysall,NoOfPathwaysallWithEstimatesForMissingData,MedianWaitweeks2,thPercentileweeks1,NoWithin18Weeks2,No52Weeks2,NoOfPathwaysall1,NoOfPathwaysallWithEstimatesForMissingData1,NoOfNewRTTPeriods,NoOfNewRTTPeriodsWithEstimatesForMissingData,VarName34,MedianWaitweeks3,thPercentileweeks2,NoWithin18Weeks3,No52Weeks3,NoOfPathwaysall2
01-Apr-2007,NaN,NaN,NaN,NaN,NaN,NaN,NaN,NaN,NaN,NaN,NaN,NaN,NaN,NaN,NaN,NaN,17.4884615384615,NaN,94658,21169,246013,246013,NaN,NaN,NaN,NaN,NaN,NaN,NaN,NaN,NaN,NaN,NaN,NaN,NaN,NaN
01-May-2007,NaN,NaN,NaN,NaN,NaN,NaN,NaN,NaN,NaN,NaN,NaN,NaN,NaN,NaN,NaN,NaN,16.6670720299345,NaN,114950,24605,277540,277540,NaN,NaN,NaN,NaN,NaN,NaN,NaN,NaN,NaN,NaN,NaN,NaN,NaN,NaN
01-Jun-2007,NaN,NaN,NaN,NaN,NaN,NaN,NaN,NaN,NaN,NaN,NaN,NaN,NaN,NaN,NaN,NaN,16.3669906406587,NaN,121336,25240,285744,285744,NaN,NaN,NaN,NaN,NaN,NaN,NaN,NaN,NaN,NaN,NaN,NaN,NaN,NaN
01-Jul-2007,NaN,NaN,NaN,NaN,NaN,NaN,NaN,NaN,NaN,NaN,NaN,NaN,NaN,NaN,NaN,NaN,16.4464503749346,NaN,123853.000001,24672,297504.000001,297504.000001,NaN,NaN,NaN,NaN,NaN,NaN,NaN,NaN,NaN,NaN,NaN,NaN,NaN,NaN
01-Aug-2007,14.2877831850982,NaN,2395656,2395656,0.572168826460351,1791318,1791318,578682,578682,0.138210077253883,NaN,NaN,NaN,NaN,4186974,4186974,15.5888208269525,NaN,125334,22188,284512,284512,7.35188630743996,NaN,605162,68141,835346,780326.582608696,NaN,NaN,NaN,NaN,NaN,NaN,NaN,NaN
01-Sep-2007,13.3540095173972,NaN,2364349,2364349,0.591449364873644,1633202,1633202,401725,401725,0.100492776702536,NaN,NaN,NaN,NaN,3997551,3997551,15.3419892209701,NaN,128145,19441,279421,279421,7.52462974515376,NaN,607611,70059,845046,785270.347826087,NaN,NaN,NaN,NaN,NaN,NaN,NaN,NaN
01-Oct-2007,13.1541199777131,NaN,2337604,2337604,0.5933274633543,1602217,1602217,387161,387161,0.0982686776886564,NaN,NaN,NaN,NaN,3939821,3939821,14.5841194968553,NaN,159995,21086,319388,319388,6.71189042990198,NaN,668449,68015,910514,838915,NaN,NaN,NaN,NaN,NaN,NaN,NaN,NaN
01-Nov-2007,13.3265432001139,NaN,2269968,2269968,0.578783782198808,1651994,1651994,415215,415215,0.10586920526002,NaN,NaN,NaN,NaN,3921962,3921962,13.4388743455497,NaN,168956,18096,313200,313200,6.15560368375868,NaN,684129,68021,920948,852462,NaN,NaN,NaN,NaN,NaN,NaN,NaN,NaN
01-Dec-2007,14.2823578629168,NaN,2173205,2180207,0.563906974764884,1680631,1681130,434180,434188,0.112661773879324,NaN,NaN,NaN,NaN,3853836,3861337,11.3543042071197,NaN,151774,12831,246718,246718,5.51896444167187,NaN,568088,46800,740311,681164,NaN,NaN,NaN,NaN,NaN,NaN,NaN,NaN
01-Jan-2008,12.2786348514666,NaN,2151167,2151167,0.612791797716353,1359270,1359270,306034,306034,0.0871783199641526,NaN,NaN,NaN,NaN,3510437,3510437,12.1999222092571,NaN,194851,16013,300782,300782,5.91537294084169,51.6893609789259,729751,43893,908522,840036,NaN,NaN,NaN,NaN,NaN,NaN,NaN,NaN
01-Feb-2008,10.5218169914504,NaN,2024628,2024628,0.649737024774452,1091445,1091445,253955,253955,0.0814984116225775,NaN,NaN,NaN,NaN,3116073,3116073,10.7903065038624,42.8063725490196,215832,9884,298749,298749,4.48401651347996,39.7093298291721,707658,24688,832631,767258,NaN,NaN,NaN,NaN,NaN,NaN,NaN,NaN
01-Mar-2008,9.82739084132055,51.6306584757151,2017806,2017806,0.660123466079543,1038904,1038904,240689,240689,0.07874119559919,NaN,NaN,NaN,NaN,3056710,3056710,8.2,28.5817256637168,239803,3554,282040,282040,3.9466569671318,21.8226415094339,673800,7710,725954,666807,NaN,NaN,NaN,8.06953102862001,27.2619133574007,242581,3305,281029
01-Apr-2008,9.01720782433725,51.0907536907537,2041274,2041274,0.694247126964531,898996,898996,225860,225860,0.0768160747142269,NaN,NaN,NaN,NaN,2940270,2940270,8.56193148829108,29.9185490519374,256136,4646,306294,306294,4.19854676938313,22.7373134328358,776261,10295,842395,773909,NaN,NaN,NaN,8.33352341126529,28.0920373665481,261041,4085,305434
01-May-2008,8.09130675418495,47.422760834671,2103566,2103566,0.732452421682976,768383,768383,187394,187394,0.0652497659255091,NaN,NaN,NaN,NaN,2871949,2871949,8.41192639535772,29.1895136778115,240130,3954,278940,278940,4.10149260987942,21.7783941605839,702230,9230,756306,694046,NaN,NaN,NaN,8.18613029120384,27.6044351073763,243353,3577,278139
01-Jun-2008,7.4146462037268,41.3642554278416,2126177,2126177,0.775033390003995,617159,617159,149029,149029,0.0543240055173701,NaN,NaN,NaN,NaN,2743336,2743336,8.35375090561813,27.3587245696401,254235,3535,295120,295120,4.29116675674053,19.1963436123348,755802,7282,806273,740900,NaN,NaN,NaN,8.1105534189427,25.5768260869565,258225,3115,293957
01-Jul-2008,6.93003242144895,35.1601056072416,2142703,2151245,0.811124814698725,498941,499466,118801,118872,0.0449723732645277,NaN,NaN,NaN,NaN,2641644,2650711,8.20444549698897,24.9025820333512,273129,2961,313847,313847,4.17356487519162,17.9364074180563,801170,6213,846561,774962,NaN,NaN,NaN,7.90392243278978,23.2997454751131,278414,2414,313077
01-Aug-2008,7.27162983403697,37.3412547340688,2155168,2155168,0.805449873156206,520564,520564,140727,140727,0.0525938322672076,NaN,NaN,NaN,NaN,2675732,2675732,8.3111127830863,24.687285012285,231697,2316,265265,265265,4.29752716963301,17.6190729483283,677282,4464,713155,650895,NaN,NaN,NaN,8.01082267182386,22.9462042599672,235701,1768,263774
01-Sep-2008,6.79650947320652,35.8093636217175,2162608,2162608,0.821163195044333,470983,470983,144213,144213,0.0547590723084944,NaN,NaN,NaN,NaN,2633591,2633591,8.73374287265816,24.4278186968838,263845,2241,303487,303487,4.44233529543449,17.2775680421422,800264,4302,838888,770402,NaN,NaN,NaN,8.34918315845398,22.4063959143969,269930,1638,301666
01-Oct-2008,6.23098401039778,27.6788762037129,2104538,2104538,0.850371295830124,370308,370308,83601,83601,0.0337802837025011,NaN,NaN,NaN,NaN,2474846,2474846,8.55989889896822,24.2505722460658,279915,2335,322525,322525,4.09417282154815,16.7055935569285,835159,3018,880814,809215,NaN,NaN,NaN,8.19789681459298,22.2715077071291,285652,1822,319584
01-Nov-2008,6.26192252874764,26.594954271693,2082990,2082990,0.856225732275878,349768,349768,93080,93080,0.0382611011863901,NaN,NaN,NaN,NaN,2432758,2432758,8.43648458915558,23.8901039206424,259467,1389,295829,295829,4.17414805959405,16.5821205439177,776425,2524,807238,744978,NaN,NaN,NaN,8.1443390052356,21.9448712624585,267004,1000,296019
01-Dec-2008,6.93626175193368,27.1971792592593,1998655,1998655,0.852038937099379,347077,347077,79418,79418,0.0338563825705579,NaN,NaN,NaN,NaN,2345732,2345732,7.90247733276219,22.2923353909465,241372,1021,267405,267405,4.06040182426598,15.7416484567058,749536,1810,774454,709081,NaN,NaN,NaN,7.62859851144502,20.2799520766773,247734,752,267739
01-Jan-2009,6.73361747917245,27.0810091250671,1969144,1993805,0.854921080794771,334161,348634,82232,83640,0.0357017416277914,NaN,NaN,NaN,NaN,2303305,2342439,9.09991014653027,22.8781205505458,263102,872,294870,296415,4.61073691420743,15.8671326236195,811077,1554,834979,777276,NaN,NaN,NaN,8.59511692327514,20.0142352941176,273184,634,294762
01-Feb-2009,5.72421774961421,23.4515665010845,2013965,2038626,0.871724807191379,296357,310830,50678,52086,0.0219354704668873,NaN,NaN,NaN,NaN,2310322,2349456,9.08347151040097,22.4455336154208,252358,685,282089,283560.428571429,3.70397370499792,15.8142617255356,739427,1412,761434,706478.761904762,NaN,NaN,NaN,8.66583582585577,20.0647935779816,261111,449,282076
01-Mar-2009,5.56022679086818,23.3166006461582,2067346,2092007,0.875825953747014,293107,307580,47013,48421,0.0199169396721731,NaN,NaN,NaN,NaN,2360453,2399587,8.0122480620155,22.2448202054794,291740,832,323842,325460.571428571,3.78818348796684,15.7098408663941,873636,1715,899042,838591.238095238,NaN,NaN,NaN,7.7391870766024,19.987652987761,300703,565,323987
01-Apr-2009,5.72420138825519,21.2234849614716,2167437,2192098,0.89639594928919,250509,264982,31800,33208,0.0131516584737624,NaN,NaN,NaN,NaN,2417946,2457080,7.99237641053197,22.1721125370188,259088,615,287375,288846.428571429,4.16627357092909,14.8886073619632,824755,1564,847747,792791.761904762,NaN,NaN,NaN,7.69862610402355,19.8134850400337,267357,447,287439
01-May-2009,5.74284148034104,20.4884330163731,2194642,2219303,0.89764043615672,250259,264732,31065,32473,0.0127060359499219,NaN,NaN,NaN,NaN,2444901,2484035,8.35271643883631,22.092607003891,257004,632,281676,283073.857142857,4.30404590627469,14.8898512163336,793540,1199,812856,760648.523809524,NaN,NaN,NaN,8.07392741546725,19.6217071791973,263030,485,281378
01-Jun-2009,5.61412796145094,19.7204794965287,2246375,2271036,0.904814574185833,236316,250789,31628,33036,0.0127394025273383,NaN,NaN,NaN,NaN,2482691,2521825,8.40602196003546,21.3803929430634,291475,711,321001,322619.571428571,4.38735330910824,15.0609931878764,936590,1449,959317,898866.238095238,NaN,NaN,NaN,8.04032418786953,19.319206871345,299763,546,320828
01-Jul-2009,5.75685716960378,19.7726216291354,2241908,2266569,0.903424692311226,239658,254131,32563,33971,0.0131219560551684,NaN,NaN,NaN,NaN,2481566,2520700,8.17104735152488,21.6780414312618,293404,810,324780,324780,4.37292464878672,16.1712710140272,928721,1295,951430,879831,NaN,NaN,NaN,7.82529484792055,19.3124767225326,303148,605,324764
01-Aug-2009,6.05151832322001,19.9771994634197,2218857,2243518,0.901993090100648,241092,255565,31608,33016,0.0128490468704839,NaN,NaN,NaN,NaN,2459949,2499083,8.20845426806579,21.8683052792655,253564,610,281442,281442,4.52451317639317,15.5329065665187,785914,1308,804998,742738,NaN,NaN,NaN,7.85538556956791,19.4487012987013,262624,470,281385
01-Sep-2009,5.93037419242403,19.9528213689483,2191974,2216635,0.902532721316659,236718,251191,31756,33164,0.0130753508472873,NaN,NaN,NaN,NaN,2428692,2467826,8.72706043956044,22.5199564011098,285170,755,319766,319766,4.69373664310373,15.5285823582358,913825,1911,937399,868913,NaN,NaN,NaN,8.26952216388649,19.642227536727,297343,457,319467
01-Oct-2009,5.68591431791155,19.6479270315091,2147615,2193339,0.903741436482688,228745,245660,23388,25017,0.00984194313992829,NaN,NaN,NaN,NaN,2376360,2438999,8.57707641196013,22.6897887323944,287229,769,322175,322175,4.27701221204552,15.495068404511,893394,1369,915429,846943,NaN,NaN,NaN,8.14363792241195,19.9700034578147,299077,465,322070
01-Nov-2009,5.7097756624679,19.569880562512,2114966,2137022,0.904769258740361,222609,233974,21619,21667,0.00924847331101676,NaN,NaN,NaN,NaN,2337575,2370996,8.24432918395574,22.5878127369219,283951,614,318166,318166,4.32439767703456,15.3180910543131,887612,1204,908889,843516,NaN,NaN,NaN,7.91809094835565,20.1924467657694,294662,411,318162
01-Dec-2009,6.48745649978451,20.037244111349,2128078,2128078,0.899701350686335,237238,237238,20792,20792,0.00879036881330021,NaN,NaN,NaN,NaN,2365316,2365316,7.99753352859565,22.2078624078624,252617,473,279701,279701,4.16244962773209,14.9273455630456,792428,939,810203,744830,NaN,NaN,NaN,7.70098370503867,19.8413800515907,260308,280,279466
01-Jan-2010,6.54791293309439,20.2622052005644,2075443,2075443,0.896496419099289,239617,239617,20737,20737,0.0089574352284606,NaN,NaN,NaN,NaN,2315060,2315060,9.18920545746388,23.2390267639903,251972,566,285034,285034,4.90438090926503,15.5408440982152,794900,882,813679,751419,NaN,NaN,NaN,8.73077195718438,20.3313336520076,263501,315,284896
01-Feb-2010,5.31197395585199,19.689558460554,2109462,2109991,0.902598864061327,227636,227656,18681,18681,0.0079932463251434,NaN,NaN,NaN,NaN,2337098,2337647,9.5036291913215,23.4887279311906,263698,657,300250,300250,3.80015110908365,15.523212109851,827198,782,846361,784101,NaN,NaN,NaN,9.05670261941448,20.8785850495805,275335,328,299991
01-Mar-2010,5.24361007088611,18.9058533893629,2205542,2205542,0.911183317668688,214983,214983,18494,18494,0.00764049121574865,NaN,NaN,NaN,NaN,2420525,2420525,8.28812718979309,23.4350746268657,311428,645,351565,351565,3.84892784086901,15.3847314423657,957320,1091,979206,907607,NaN,NaN,NaN,7.97597722284833,21.1939594538684,322462,342,350951
01-Apr-2010,5.62989984338336,19.0134826377107,2290852,2314835,0.913237618572092,217643,220050,21098,21109,0.00841062071082462,NaN,NaN,NaN,NaN,2508495,2534885,8.31417879127028,23.6779770114942,256415,468,290216,290216,4.34001254855892,14.3852824332713,822721,921,840585,784919.782608696,NaN,NaN,NaN,8.03164774681803,21.3038917525773,265895,317,289154
01-May-2010,5.52797624218207,18.1493172896399,2364484,2391940,0.918640426280015,209411,211994,18458,18492,0.00717123270374277,NaN,NaN,NaN,NaN,2573895,2603934,8.65799845168555,23.5810352941177,263013,483,291845,291845,4.31123336131431,14.6446151650652,842612,1039,858750,799603,NaN,NaN,NaN,8.36808348356677,21.2447823494335,270648,349,291664
01-Jun-2010,5.68198138481509,18.6458942288357,2347510,2412353,0.913748716475588,221588,226375,18221,18342,0.00709237249805185,NaN,NaN,NaN,NaN,2569098,2638728,8.64209737292975,22.2801184015787,291012,590,323619,323619,4.39115845539281,14.9201487307273,942117,877,960022,891536,NaN,NaN,NaN,8.32073887489505,20.0205111956062,300549,430,323413
01-Jul-2010,5.79555526918832,19.2069446093429,2413409,2440865,0.908453015756147,243205,245788,19585,19619,0.0073721662236215,NaN,NaN,NaN,NaN,2656614,2686653,8.68805729130099,22.3584454113924,280785,671,313814,313814,4.2742447437536,14.9228925254312,921418,849,940109,871623,NaN,NaN,NaN,8.33655620088828,19.8375188536953,292098,327,313720
01-Aug-2010,6.23279534139722,19.9475045254719,2391511,2418967,0.900791366906475,263389,265972,20855,20889,0.0078552864514671,NaN,NaN,NaN,NaN,2654900,2684939,8.60649244891916,22.6252131546894,257921,513,288308,288308,4.38318739054291,15.0014092332559,856885,787,874747,809374,NaN,NaN,NaN,8.26710038525841,19.9776552287582,268267,286,288244
01-Sep-2010,6.01791710027686,19.5790372925908,2341244,2368700,0.90361679216664,249726,252309,13442,13476,0.00518801838693617,NaN,NaN,NaN,NaN,2590970,2621009,9.13361357153581,23.2639905294877,275387,550,312812,312812,4.73380471276283,15.4566663848495,927108,720,948233,879747,NaN,NaN,NaN,8.69910893140844,20.4094900849858,289261,303,313230
01-Oct-2010,5.86122911680846,19.7687927780057,2320939,2344922,0.902450366841523,250880,253287,14254,14265,0.00554238070408532,NaN,NaN,NaN,NaN,2571819,2598209,9.07651588065448,23.400434602649,268162,609,304159,305751.181818182,4.2519710959454,15.6476708905943,862251,1090,883326,823278.409090909,NaN,NaN,NaN,8.67488183659689,20.7150632911392,280995,315,304634
01-Nov-2010,5.85598969896102,20.060795854517,2274528,2298511,0.900164319025864,252264,254671,13568,13579,0.00536965448679591,NaN,NaN,NaN,NaN,2526792,2553182,8.61924110141034,23.4769199346405,286524,575,325459,327127,4.24787603038856,15.6564996118347,919934,996,943770,880863,NaN,NaN,NaN,8.31566471324159,20.9408728721478,298302,321,324941
01-Dec-2010,6.91411163646749,21.4894082381518,2135754,2176569,0.885729772366942,275539,279553,14671,14748,0.00608428755858371,NaN,NaN,NaN,NaN,2411293,2456122,8.19960491282315,23.1145306351883,227192,428,255633,257225.181818182,4.13700199377383,15.3225867507886,728293,860,746941,686893.409090909,NaN,NaN,NaN,7.92003367003367,20.9224435909745,234891,258,255359
01-Jan-2011,6.52306496337495,21.5890552802984,2093487,2134302,0.883482550742008,276098,280112,14222,14299,0.00600189484656596,NaN,NaN,NaN,NaN,2369585,2414414,9.54603497356649,24.8761842105263,245258,512,285161,285161,4.7974175803186,16.0636912114014,827029,858,850814,788554,NaN,NaN,NaN,9.10311391407174,22.4156617647059,257738,334,284860
01-Feb-2011,5.47521385264469,21.2873420281064,2164846,2183823,0.886601535383651,276889,278106,14880,14884,0.00609402740264607,NaN,NaN,NaN,NaN,2441735,2461929,9.46230300859599,25.2215186680121,248434,701,289984,289984,3.48774854238302,16.0894985904148,798020,1089,821572,759312,NaN,NaN,NaN,9.03818450056409,22.7968913043478,260238,423,290316
01-Mar-2011,5.45171720515131,20.6653943945418,2196360,2215337,0.894493171036856,259064,260281,14355,14359,0.00584624081217745,NaN,NaN,NaN,NaN,2455424,2475618,8.18777233115468,25.3212615880693,291228,808,338297,338297,3.65115372524363,15.7708059673485,925657,1105,952293,880694,NaN,NaN,NaN,7.9393162908477,23.4195253955038,303043,497,338620
01-Apr-2011,6.00651976587687,19.8975305537394,2237539,2265770,0.904538582193331,236141,244220,13434,14970,0.00543077520131949,NaN,NaN,NaN,NaN,2473680,2509990,7.92906742026645,25.1667806267806,229022,634,263604,263604,3.70280824621934,14.6740079365079,727165,881,746527,690493,NaN,NaN,NaN,7.67195662498021,22.9305013192612,238025,408,263856
01-May-2011,6.13289956190167,18.8264200930233,2318419,2346650,0.91127019427222,225743,233822,12536,14072,0.00492735918546067,NaN,NaN,NaN,NaN,2544162,2580472,8.71164431898377,25.8144347404173,261825,811,298551,298551,4.45291769594451,15.2063135420903,854969,1188,875922,813662,NaN,NaN,NaN,8.44066792163425,23.6989757412399,270375,536,298605
01-Jun-2011,5.64729551341887,18.846684330053,2324293,2343270,0.911230162463932,226427,227644,13257,13261,0.00519735604064735,NaN,NaN,NaN,NaN,2550720,2570914,9.03374505529991,25.6361895794099,279566,1039,322060,322060,4.05071922007237,15.5709428749666,913606,1129,937234,868748,NaN,NaN,NaN,8.68152408339324,23.1028331257783,289621,718,321769
01-Jul-2011,5.7630119583529,19.4731207464795,2364495,2364495,0.905275687563029,247411,247411,19937,19937,0.0076331230909535,NaN,NaN,NaN,NaN,2611906,2611906,8.52489931846345,24.5962036623492,261519,874,301063,301063,3.9242021488261,15.7788328888071,830654,1155,853392,788019,NaN,NaN,NaN,8.18295463181093,22.4919278660369,273206,601,302142
01-Aug-2011,6.1742209631728,19.7459959223473,2369340,2369340,0.906058054346504,245658,245658,19938,19938,0.00762448001872277,NaN,NaN,NaN,NaN,2614998,2614998,8.51108621755253,24.9672701286327,259814,1031,300371,300371,4.1233397975979,15.6533843500754,852011,1044,876453,807967,NaN,NaN,NaN,8.14105191256831,22.6143578947368,271774,759,301190
01-Sep-2011,6.03960243545966,19.3239866731676,2353826,2353826,0.906228103001939,243562,243562,20097,20097,0.00773738848412328,NaN,NaN,NaN,NaN,2597388,2597388,9.1852943488171,25.4054562127464,269559,1094,311714,311714,4.45967550522175,16.0247076158026,883768,1132,909628,841142,NaN,NaN,NaN,8.75715854998169,22.8000655594406,282039,770,311536
01-Oct-2011,5.73142175822258,19.0322425773847,2333475,2333475,0.908849252484416,234030,234030,11132,11132,0.00433572670744556,NaN,NaN,NaN,NaN,2567505,2567505,8.84153961509623,24.9801292861158,265918,956,305256,305256,3.94647360221012,16.0882193110141,858427,1064,884190,818817,NaN,NaN,NaN,8.42137958854377,22.0357456140351,278253,657,305722
01-Nov-2011,5.72484913664336,18.7145232963674,2282411,2282411,0.912708476543177,218290,218290,7324,7324,0.00292877877043277,NaN,NaN,NaN,NaN,2500701,2500701,8.41433681290605,24.4757078651685,285445,958,326562,326562,4.01429514933588,16.1451437847866,913445,1184,942033,873547,NaN,NaN,NaN,8.11378696116851,22.0933626465662,296984,654,326551
01-Dec-2011,6.31405031446541,18.619610270718,2180122,2205853,0.914040937518736,205025,209277,6071,6315,0.00254533578014269,NaN,NaN,NaN,NaN,2385147,2415130,8.06079480656198,24.0589913544668,237293,754,268726,272125.090909091,3.7967461669506,15.7443812668134,745171,998,767118,714132.545454545,NaN,NaN,NaN,7.76383243467441,21.8780722326454,245777,548,269130
01-Jan-2012,5.93105104637275,17.8537202354542,2174872,2200603,0.922096687209787,183744,187996,5898,6142,0.00250061900707873,NaN,NaN,NaN,NaN,2358616,2388599,9.17143868481082,24.6720995772663,264050,861,302633,306202.045454545,4.41738098948863,16.0836403684421,854407,1133,880567,824932.272727273,NaN,NaN,NaN,8.76659683594596,22.0846392737697,276324,580,303148
01-Feb-2012,5.18299930015927,17.5259763048351,2205482,2231213,0.92621700574339,175690,179942,5653,5897,0.00237404101845646,NaN,NaN,NaN,NaN,2381172,2411155,9.09667868177137,24.3450980392157,263624,860,300592,304161.045454545,3.56211303044867,16.107564011017,819537,1062,844432,788797.272727273,NaN,NaN,NaN,8.7361979874898,21.9196148963182,273738,560,300595
01-Mar-2012,5.20816403112229,16.9849211850196,2252479,2278210,0.93310187496194,161490,165742,5149,5393,0.00213300170797554,NaN,NaN,NaN,NaN,2413969,2443952,8.27757685352622,24.1124642516683,286595,727,325489,329228,3.6352031991587,15.7657402458578,866656,1075,889882,831598,NaN,NaN,NaN,8.07665198237885,22.1698337825696,296052,598,325487
01-Apr-2012,5.47755238791423,15.9742535620692,2333158,2358889,0.940537694746245,147506,151758,4213,4457,0.00169833560691815,NaN,NaN,NaN,NaN,2480664,2510647,8.2505418640122,23.8215429791778,238974,468,269646,272875.136363636,4.01743347751999,15.020046854083,766082,635,784789,734452.818181818,NaN,NaN,NaN,8.05059757823557,21.665988700565,247594,373,269625
01-May-2012,5.2922299818744,16.1849865728067,2414369,2440100,0.944330929972957,142329,146581,3308,3552,0.00129385637255554,NaN,NaN,NaN,NaN,2556698,2586681,8.63157542049186,23.7212127943136,290949,549,323566,327305,4.0824415646965,15.2360666951689,926794,717,947285,889001,NaN,NaN,NaN,8.44333114323259,21.6095769682726,299207,434,323565
01-Jun-2012,5.71400807749537,16.5283749499266,2481026,2488077,0.941396143010273,154449,154835,3478,3503,0.00131968620457413,NaN,NaN,NaN,NaN,2635475,2642912,8.64191419141914,23.476672979798,245687,563,276492,276492,4.23584938460469,15.5825260840433,771068,556,789049,729902,NaN,NaN,NaN,8.41948302159429,21.3530113297555,254260,427,276453
01-Jul-2012,5.4680214884696,16.350252837471,2521975,2521975,0.940374378608471,159909,159909,2959,2959,0.00110332885389525,NaN,NaN,NaN,NaN,2681884,2681884,8.7416810097533,23.1697823000473,280476,608,315140,315140,4.11674844998508,15.7364978540772,899714,699,922128,853642,NaN,NaN,NaN,8.50438413361169,20.8179280110752,291318,449,315106
01-Aug-2012,5.84905625992554,16.2962224538777,2492105,2518718,0.945227296346615,144409,161740,2054,2352,0.0007790590150479,NaN,NaN,NaN,NaN,2636514,2680458,8.52168674698795,23.2475070555033,266263,615,298613,298613,4.25642152392007,15.6993739187742,852716,546,873924,805438,NaN,NaN,NaN,8.27831819278077,20.9203721149317,276377,479,298598
01-Sep-2012,5.80489627898415,16.205325336582,2492388,2519001,0.94371138134885,148661,165992,1570,1868,0.00059446076161404,NaN,NaN,NaN,NaN,2641049,2684993,9.08761018205783,23.9860814742968,257325,614,292098,292098,4.71843304424519,16.1328067989677,830950,508,853627,791367,NaN,NaN,NaN,8.80883365200765,21.2013613159387,268994,480,292044
01-Oct-2012,5.30696706223743,16.1539908585768,2498882,2540641,0.947685588658486,137944,156461,1281,1580,0.000485811350464536,NaN,NaN,NaN,NaN,2636826,2697102,8.81657710105986,23.4157335512873,299903,545,337230,337230,4.24751762523191,15.9511422954376,975317,724,1001586,929987,NaN,NaN,NaN,8.59387666473654,20.8902008928571,311964,436,337195
01-Nov-2012,5.39605707604365,16.0409330538775,2455642,2497401,0.947854606623521,135095,153612,1147,1446,0.000442731161055715,NaN,NaN,NaN,NaN,2590737,2651013,8.53311647864904,23.2750231481481,292817,483,327957,327957,4.24737027678204,15.9272647619048,926132,512,950458,881972,NaN,NaN,NaN,8.34641187233177,20.76769987174,303658,352,327945
01-Dec-2012,6.07809303841572,16.2397869778642,2423808,2465567,0.944907969433081,141318,159835,1085,1384,0.000422981171295289,NaN,NaN,NaN,NaN,2565126,2625402,8.12725647138965,22.6150670241287,233445,306,258194,258194,4.00669216061185,15.5119301428895,737714,303,756066,696919,NaN,NaN,NaN,7.98409296958708,20.4810737852429,240083,233,258137
01-Jan-2013,6.04200899994444,16.5302594995366,2393789,2435548,0.943353970199367,143741,162258,842,1141,0.000331818737118379,NaN,NaN,NaN,NaN,2537530,2597806,9.42388247483718,23.5141863699583,282410,468,317524,317524,4.8363152084392,15.9833704555252,929383,333,953847,885361,NaN,NaN,NaN,9.17679597701149,20.9591879350348,293602,370,317545
01-Feb-2013,5.12257581764676,16.4575663530714,2425992,2467751,0.943234293405931,146001,164518,663,962,0.000257776751336415,NaN,NaN,NaN,NaN,2571993,2632269,9.41272000680214,23.3471021860702,264381,340,297264,297264,3.83819275625442,16.0551025822427,836323,306,858432,796172,NaN,NaN,NaN,9.21506523344548,21.2105303030303,273729,262,297242
01-Mar-2013,5.4971103658821,16.5566147649263,2508128,2523274,0.942492479797382,153037,154223,473,474,0.000177741703351728,NaN,NaN,NaN,NaN,2661165,2677497,8.38482897384306,23.3938635247914,263892,470,295886,295886,3.91838121859201,15.9754548381903,834593,259,855801,793541,NaN,NaN,NaN,8.24438358339287,21.531498470948,272192,382,295857
01-Apr-2013,5.56156247181779,15.7696734346964,2596934,2596934,0.944749142173626,151874,151874,391,391,0.000142243474262298,NaN,NaN,NaN,NaN,2748808,2748808,8.64277022190408,23.7948611111111,269126,341,304135,304135,5.07247377346881,16.102898630137,806555,217,830660,830660,NaN,NaN,NaN,8.50329801417444,21.8735936773594,278641,251,304292
01-May-2013,5.60739681738757,16.2141972164643,2699788,2699788,0.948168013112437,147585,147585,434,434,0.000152421196660922,NaN,NaN,NaN,NaN,2847373,2847373,8.8110373059396,23.9685859051128,277255,244,309116,309116,4.8496338870955,15.9176002240538,817245,200,839089,839089,NaN,NaN,NaN,8.67348329925017,22.385972972973,284341,171,309032
01-Jun-2013,5.68473003628685,16.3696899746003,2724755,2724755,0.946357048684289,154449,154449,295,295,0.000102458874049911,NaN,NaN,NaN,NaN,2879204,2879204,8.83155555555556,23.6395027624309,265761,262,298778,298778,5.18716620040692,16.2554624402953,790768,253,812906,812906,NaN,NaN,NaN,8.69068663257852,21.8789712556732,273719,199,298733
01-Jul-2013,5.62841956264263,16.1390589859132,2745065,2745065,0.944460825415131,161424,161424,368,368,0.000126613243676477,NaN,NaN,NaN,NaN,2906489,2906489,8.75775786713287,23.2267816613708,295183,258,331637,331637,5.03713525847349,16.2842783074093,883286,211,909447,909447,NaN,NaN,NaN,8.57508326837219,21.4138993414864,305144,171,331650
01-Aug-2013,6.16466559329398,16.6182389783634,2767545,2767545,0.942309466761957,169436,169436,350,350,0.000119169991225684,NaN,NaN,NaN,NaN,2936981,2936981,8.78938179509563,23.3298698167792,257260,206,288597,288597,5.2132341030579,16.4342656721719,753366,163,776092,776092,NaN,NaN,NaN,8.61878773803994,21.4314209115281,265926,144,288589
01-Sep-2013,5.95359415376921,16.5769312669198,2734352,2747304,0.941803096872679,168964,170873,387,409,0.000133295858941982,NaN,NaN,NaN,NaN,2903316,2918177,9.38582584927763,23.9864135407136,272272,268,310119,310869,5.66938404271446,16.802123965721,820396,165,848363,851181,NaN,NaN,NaN,9.14884513441878,21.8768171021378,283640,174,310091
01-Oct-2013,5.58896353214778,16.6502562964607,2742336,2776214,0.941657684472072,169907,175282,257,461,8.82481303929651e-05,NaN,NaN,NaN,NaN,2912243,2951496,9.19631537242472,23.8478392721759,296021,257,336217,339605.666666667,5.129969592081,16.870235814783,900677,224,932104,940670.952380952,NaN,NaN,NaN,8.97236105930623,21.9246090534979,307118,178,336193
01-Nov-2013,5.7053000649108,16.7360441568033,2705480,2739358,0.939686967829507,173649,179024,214,418,7.43280346243604e-05,NaN,NaN,NaN,NaN,2879129,2918382,8.8835115161082,23.8444957983193,283626,223,322227,325321,5.11727486756916,17.0172898926324,848502,134,879710,887532,NaN,NaN,NaN,8.72029320987654,22.0809869375907,293140,152,322197
01-Dec-2013,6.2798081244866,16.9580650566423,2695700,2748295,0.935956246814409,184456,191769,316,520,0.000109716279257096,NaN,NaN,NaN,NaN,2880156,2940064,8.40571111490524,23.5010582010582,240196,165,269715,274711.19047619,4.88290846190135,16.5930246247425,739866,66,764921,776601.952380952,NaN,NaN,NaN,8.2753896430367,21.9363144963145,246617,109,269708
01-Jan-2014,6.23276490066225,17.0949460956327,2715719,2768314,0.934736523996749,189612,196925,430,634,0.00014800379027381,NaN,NaN,NaN,NaN,2905331,2965239,9.64918786620188,24.9003239740821,286375,305,328754,334249.80952381,5.75322542810228,17.0998942454963,885835,223,920033,932882.047619048,NaN,NaN,NaN,9.42566051393413,23.3201592832255,296918,237,328715
01-Feb-2014,5.41210818936029,17.0762524020199,2719650,2810846,0.934200786272351,191555,201407,539,743,0.000185146700421303,NaN,NaN,NaN,NaN,2911205,3012253,9.66683669132024,24.8534135559921,260945,323,299229,307949.995670996,4.74837257962735,17.1413790322581,795478,176,826670,839956.233766234,NaN,NaN,NaN,9.50403823965716,23.4162924424972,270167,263,300837
01-Mar-2014,5.46437465481749,16.8675658376711,2729396,2855762,0.93747222166885,182046,196518,488,692,0.000167614536027165,NaN,NaN,NaN,NaN,2911442,3052280,8.84987780333525,25.0490157480315,278082,348,319413,329653.645454545,4.82412411060074,17.1265885498584,840196,193,873254,890592.895454546,NaN,NaN,NaN,8.75394299455407,23.953095463138,286862,290,321190
01-Apr-2014,5.87207614419517,16.2897720863575,2831337,2919102,0.937494350373215,188774,200707,516,720,0.00017085464739541,NaN,NaN,NaN,NaN,3020111,3119809,8.71379492600423,24.6364670954973,261532,300,298747,303028.904761905,5.00865159906521,16.9243548387097,816658,166,848190,857187.142857143,NaN,NaN,NaN,8.59053681780954,23.4654986522911,268608,236,298682
01-May-2014,6.22136292903491,16.90503703956,2903097,2990862,0.937411545437432,193832,205765,572,776,0.000184699100302267,NaN,NaN,NaN,NaN,3096929,3196627,9.26530530046722,25.3614822546973,265798,376,301901,306182.904761905,5.53683467574525,16.8566297117517,825424,189,855875,864872.142857143,NaN,NaN,NaN,9.13682620448402,24.3069169960474,271802,319,301822
01-Jun-2014,5.77517521473327,16.8921232841587,2939344,3014157,0.937262124628838,196752,206776,594,776,0.000189407467118354,NaN,NaN,NaN,NaN,3136096,3220933,9.52367036820573,25.2104914933837,276972,332,318083,322579,5.43418896347421,17.2022448115205,881406,252,916466,925913,NaN,NaN,NaN,9.36199113591596,23.9055658627087,284495,267,318078
01-Jul-2014,5.863412427806,17.1745443374974,2864937,3008461,0.933128246885433,205313,219579,532,730,0.000173275791873626,NaN,NaN,NaN,NaN,3070250,3228040,9.00490583953157,24.8503119800333,285891,369,329444,339717.333333333,5.24577643696412,17.4225370889451,898797,199,938084,970282.904761905,NaN,NaN,NaN,8.85389323108686,23.7774439461883,293990,292,329460
01-Aug-2014,6.43984236337589,17.29656572152,2878288,3021812,0.931326554549793,212237,226503,490,688,0.000158549113823703,NaN,NaN,NaN,NaN,3090525,3248315,9.08912440747697,25.7025891548608,243435,390,285493,294426.333333333,5.49555963864645,17.6780593061015,740727,259,776523,804522.047619048,NaN,NaN,NaN,8.93796088489901,24.6047055730809,250955,324,285634
01-Sep-2014,6.20227724243442,17.058084414176,2795366,3002866,0.934518394898164,195871,221739,362,646,0.000121020166573227,NaN,NaN,NaN,NaN,2991237,3224605,9.73524239180303,25.8179775280899,275296,344,322665,336176.666666667,5.97717067151133,17.8821801171165,862269,158,906729,953812.352380952,NaN,NaN,NaN,9.53389322135573,24.5322460595446,284738,265,322664
01-Oct-2014,5.806746680509,17.2455940956324,2801516,3009016,0.932003861730872,204390,230258,381,665,0.000126750470573597,NaN,NaN,NaN,NaN,3005906,3239274,9.52616373697917,25.1466341463415,284770,293,330235,346849.015151515,5.40985193235074,17.904713127832,887597,113,933443,989032.277489177,NaN,NaN,NaN,9.3286282306163,23.7829560017087,293729,224,330247
01-Nov-2014,5.82391332938778,17.0937294400296,2790268,2997768,0.933119483335552,199990,225858,362,646,0.000121059788152059,NaN,NaN,NaN,NaN,2990258,3223626,9.30053703109971,25.5869773519164,268173,265,315240,326861.255411255,5.41243494393275,18.301198000882,828839,95,875313,911409.597402597,NaN,NaN,NaN,9.17168841439304,24.5567440821795,275631,206,315243
01-Dec-2014,6.54531670738226,17.4616731610684,2718870,2939263,0.928444543701813,209544,235551,399,684,0.000136251226773264,NaN,NaN,NaN,NaN,2928414,3174814,8.51936266309803,23.8506947557149,246786,162,279866,295081.818181818,5.13744476329642,17.6376906028369,783711,121,821097,869626.527272727,NaN,NaN,NaN,8.41547609216285,22.7862254443405,252310,136,279865
01-Jan-2015,6.65041424778243,17.6531667598981,2706862,2900439,0.925725151288711,217183,241244,440,725,0.000150476480355124,NaN,NaN,NaN,NaN,2924045,3141683,9.86780546623794,25.3871655328798,260213,225,303346,316644.818181818,6.08523702971327,18.0138236267372,847819,890,892977,934408.527272727,NaN,NaN,NaN,9.69637916040794,24.2599014778325,268880,166,303288
01-Feb-2015,5.56983166303203,17.2916911814546,2725305,2918882,0.930705860536785,202908,226969,442,727,0.000150945303500804,NaN,NaN,NaN,NaN,2928213,3145851,10.1832225913621,26.0891045548654,256214,198,302795,315460.541125541,5.15032133397021,18.3795879039431,801810,134,847183,886641.597402597,NaN,NaN,NaN,10.0284193284193,25.089661756683,263185,155,302731
01-Mar-2015,5.55915276081615,17.2280579658288,2800845,2980034,0.931479737947379,206032,229259,475,751,0.000157971210661427,NaN,NaN,NaN,NaN,3006877,3209293,9.20888966971188,26.1723031406463,283791,228,334830,348762.095238095,5.03274961227471,17.9304451456963,885466,382,931546,974950.457142857,NaN,NaN,NaN,9.08834716459198,25.3775303643725,290391,180,334836
01-Apr-2015,5.92121535085353,16.5449034963013,2821088,3056227,0.933358742661733,201424,229068,413,713,0.000136641310274368,NaN,NaN,NaN,NaN,3022512,3285295,9.11056838365897,25.9960344003822,249141,185,292265,310722.359307359,5.45829766999525,17.8742372457486,805734,141,847010,900393.142857143,NaN,NaN,NaN,9.00438736439055,25.0690027700831,255640,147,292208
01-May-2015,6.01417014828549,17.0223791759927,2965989,3163090,0.934868485958167,206638,229475,634,752,0.000199834395912283,NaN,NaN,NaN,NaN,3172627,3392565,9.36119139370584,26.3283530042918,251104,193,290407,304433.729437229,5.45489468803815,17.556758158838,788093,128,825082,866010.307142857,NaN,NaN,NaN,9.2571963958217,25.5637340153453,256040,152,290346
01-Jun-2015,6.01732809782173,17.2047200766299,2980377,3170254,0.932205340735817,216748,239737,751,868,0.000234898541658521,NaN,NaN,NaN,NaN,3197125,3409991,9.46220579966262,26.5361542192047,281526,212,328558,344635.318295739,5.56961806339035,17.8908525454668,922856,186,970355,1015543.12932331,NaN,NaN,NaN,9.3400331701153,25.6567280848688,288084,166,328565
01-Jul-2015,5.96584270150614,17.3832224595667,3027537,3216814,0.928679796959796,232507,255626,786,903,0.000241101040354057,NaN,NaN,NaN,NaN,3260044,3472440,9.22712945879459,25.8228583916084,280791,180,329048,345544.014581909,5.40046070196002,18.3372389945471,906373,262,957260,1004570.95338346,NaN,NaN,NaN,9.09445748466722,24.9383816529641,287935,139,329050
01-Aug-2015,6.46865597710428,17.6178229228672,3080794,3245148,0.925982287638768,246261,267329,739,855,0.00022211835993093,NaN,NaN,NaN,NaN,3327055,3512477,9.21940726577438,26.3857941834452,241656,201,284505,298053.891398457,5.56354760269523,18.7150542049934,777815,199,823429,862913.124223602,NaN,NaN,NaN,9.09052865317277,25.5008823529412,247528,162,284508
01-Sep-2015,6.52046858136467,17.6909052090684,3058504,3222858,0.92516754933313,247388,268456,756,872,0.000228682606691326,NaN,NaN,NaN,NaN,3305892,3491314,9.75874013210891,27.0929358237548,265547,192,319678,334581.780538302,6.10172467685292,19.5132789115646,893991,169,954036,997468.536645963,NaN,NaN,NaN,9.59260718789407,26.1918654580153,273423,137,319676
01-Oct-2015,6.15846593003677,17.8067204766689,3059956,3247054,0.923367261030022,253954,285760,868,987,0.0002619262442251,NaN,NaN,NaN,NaN,3313910,3532814,9.73168675714406,27.133927621075,263475,268,317631,333594.780538302,5.74632092117949,19.7900871898055,890021,352,952445,1003470.53664596,1485369,1605078.33333333,NaN,NaN,NaN,NaN,NaN,NaN
01-Nov-2015,6.05571071835527,17.7590121460466,3055104,3242202,0.923966357277008,251406,283212,835,954,0.000252532126018067,NaN,NaN,NaN,NaN,3306510,3525414,9.36771143407459,27.3082923558337,260022,346,315252,330490.154150198,5.67103676422658,20.1748562392179,894358,442,961821,1010527.19407115,1450031,1564299,NaN,NaN,NaN,NaN,NaN,NaN
01-Dec-2015,6.7400129868373,18.1558796418611,3026929,3226069,0.918388901159982,268983,303445,758,934,0.000229981868447944,NaN,NaN,NaN,NaN,3295912,3529514,8.83289241622575,26.5945272353546,231392,215,276499,293251.154150198,5.34333436156121,19.9880494110888,811149,261,869867,920233.194071146,1351414,1465682,NaN,NaN,NaN,NaN,NaN,NaN
01-Jan-2016,6.84575506743885,18.0043588611785,3027654,3226794,0.919951991735286,263446,297908,728,904,0.000221202637416061,NaN,NaN,NaN,NaN,3291100,3524702,10.1675613142064,28.2333850931677,238458,328,294532,310486.432523998,6.30006789489137,20.9273254040866,850230,372,919231,967198.803877282,1434066,1542892.66666667,NaN,NaN,NaN,NaN,NaN,NaN
01-Feb-2016,5.8520817673639,17.9276983803876,3082332,3281472,0.921220793915935,263589,298051,692,868,0.000206818989450139,NaN,NaN,NaN,NaN,3345921,3579523,10.2173198373562,28.4781514581373,245560,302,304310,321062.154150198,5.39522152349553,20.4959841384282,868738,433,937170,987536.194071146,1505461,1619729,NaN,NaN,NaN,NaN,NaN,NaN
01-Mar-2016,6.35475014473875,18.4631199778332,3205842,3346700,0.914753915930371,298753,328598,871,1024,0.000248530857345856,NaN,NaN,NaN,NaN,3504595,3675298,9.27933305887196,28.3839178082192,244545,305,302982,312704.881422925,5.32802929643193,20.5082572030921,879984,541,949840,983749.830434783,1572127,1646658,NaN,NaN,NaN,NaN,NaN,NaN
01-Apr-2016,6.57392590205063,18.50911156017,3300705,3452534,0.915945028396556,302901,333626,886,1039,0.000245864836499884,NaN,NaN,NaN,NaN,3603606,3786160,9.62461206896552,29.1761467889908,236115,320,297893,308803.881422925,5.8611505738503,21.1153543925821,869205,504,944132,980336.830434783,1583739,1665094,NaN,NaN,NaN,NaN,NaN,NaN
01-May-2016,6.42348515499238,18.1594524271845,3359901,3511730,0.918204682052696,299306,330031,1009,1162,0.000275742804383573,NaN,NaN,NaN,NaN,3659207,3841761,9.97520587974852,29.8062104237701,242810,362,302719,313110.315640881,5.80966794109318,21.2831689062766,897361,616,969422,1003902.79089027,1550496,1627976.95238095,NaN,NaN,NaN,NaN,NaN,NaN
01-Jun-2016,6.45809703442211,18.4172962588971,3320719,3506201,0.915329665089443,307175,341472,942,1099,0.000259654774919003,NaN,NaN,NaN,NaN,3627894,3847673,9.80707106963388,30.150454775139,253379,452,319870,334744.547204969,5.94408874448532,20.9747345294764,935106,591,1015819,1063784.2699793,1601725,1700917.44761905,NaN,NaN,NaN,NaN,NaN,NaN
01-Jul-2016,6.58757423038291,18.7582387703576,3344181,3529663,0.912542551406192,320504,354801,1077,1234,0.000293886104808462,NaN,NaN,NaN,NaN,3664685,3884464,9.70697263901147,30.0909408773045,238850,494,303324,316542.781422925,5.88353746000221,21.6545384399551,853297,589,934935,978795.380434783,1532038,1626721.7,NaN,NaN,NaN,NaN,NaN,NaN
01-Aug-2016,6.96162606812648,18.8995076304167,3355134,3540616,0.908855337679773,336470,370767,1062,1219,0.000287679826980359,NaN,NaN,NaN,NaN,3691604,3911383,9.69130434782609,29.8852420856611,239004,533,302101,315949.247204969,5.9392750540671,22.0806147341031,875130,1456,958983,1004931.9699793,1532416,1631608.44761905,NaN,NaN,NaN,NaN,NaN,NaN
01-Sep-2016,6.90486625113622,19.1282096318625,3354034,3539516,0.905864019143408,348546,382843,1185,1342,0.000320047102290835,NaN,NaN,NaN,NaN,3702580,3922359,10.4502408434063,30.9040610328638,242876,580,315355,329203.247204969,6.54563724342465,22.5702830836883,910528,1230,1009191,1055139.9699793,1588655,1687847.44761905,NaN,NaN,NaN,NaN,NaN,NaN
01-Oct-2016,6.52772433297017,19.3240543585073,3394756,3523839,0.904109559854757,360050,379929,1428,1576,0.000380312591382884,NaN,NaN,NaN,NaN,3754806,3903768,10.2661672672103,31.3908414571575,240558,622,312640,322763.690513834,6.1615981046737,23.2668014649779,908674,1751,1013311,1048358.47134387,1573928,1654905.65454545,NaN,NaN,NaN,NaN,NaN,NaN
01-Nov-2016,6.4734403300689,19.3171044829986,3367511,3485623,0.904961483836379,353654,372653,1234,1382,0.000331616577066591,NaN,NaN,NaN,NaN,3721165,3858276,10.0576923076923,31.2454922279793,259122,690,337542,345444.199585921,6.04690277948917,23.351261829653,983991,1849,1098028,1127172.11283644,1657024,1724422.25714286,NaN,NaN,NaN,NaN,NaN,NaN
01-Dec-2016,7.17370513672066,20.0277748049052,3278063,3433169,0.897050517367637,376205,400653,1227,1377,0.00033577176058242,NaN,NaN,NaN,NaN,3654268,3833822,9.31053274931242,30.6742209631728,217654,638,276739,285461.908714474,5.64426676393235,22.9047821299355,809979,1480,896033,928435.829851308,1398622,1460906.8008658,NaN,NaN,NaN,NaN,NaN,NaN
01-Jan-2017,7.18960022748889,19.7492489875429,3252604,3405696,0.89966877205017,362731,387034,1345,1495,0.000372026382064179,NaN,NaN,NaN,NaN,3615335,3792730,10.5972581240768,32.278431372549,235955,773,308824,317779.445454545,6.66476757962227,23.8225340517887,932861,1818,1040446,1073430.84090909,1588726,1651534.04090909,NaN,NaN,NaN,NaN,NaN,NaN
01-Feb-2017,6.19666017854803,19.7507895324321,3296902,3437952,0.899809743397856,367097,388744,1583,1676,0.000432041602631442,NaN,NaN,NaN,NaN,3663999,3826696,10.8774238875878,32.7092623405435,224974,931,298154,305241.090909091,5.82539164490862,23.3031093638313,880694,949,979860,1009693.18181818,1532687,1595916.70562771,NaN,NaN,NaN,NaN,NaN,NaN
01-Mar-2017,6.17832523189132,19.5126349853485,3372306,3513356,0.902933544819809,362527,384174,1528,1621,0.000409121371691853,NaN,NaN,NaN,NaN,3734833,3897530,10.1440171835708,32.8333507579718,258332,970,342772,350922.154545455,5.55393268224625,22.7910952630202,1005564,1073,1113270,1147578.15909091,1787232,1850942.20909091,NaN,NaN,NaN,NaN,NaN,NaN
01-Apr-2017,6.79696962186367,19.9627884495603,3399969,3541019,0.898878427434866,382488,404135,1568,1661,0.0004145453603306,NaN,NaN,NaN,NaN,3782457,3945154,9.66455830764324,32.7072715143429,201069,799,267398,273776.381818182,5.57443033414393,22.7181267866151,810160,1160,895428,922277.863636364,1436983,1486843.16363636,NaN,NaN,NaN,NaN,NaN,NaN
01-May-2017,7.10148396141147,19.3793542645241,3445317,3586367,0.904036143424405,365722,387369,1651,1744,0.000433215194071748,NaN,NaN,NaN,NaN,3811039,3973736,10.054210721573,32.9511552928533,237633,1131,310147,319480.778787879,6.12044444444444,23.0310583657587,970436,1684,1066156,1105089.84090909,1666097,1724267.19090909,NaN,NaN,NaN,NaN,NaN,NaN
01-Jun-2017,6.64279904863648,19.5012108641975,3459659,3615594,0.902601287194556,373328,397317,1542,1743,0.000402297216244146,NaN,NaN,NaN,NaN,3832987,4012911,10.305388017692,33.2199573430835,237751,1103,312486,323833.577777778,5.86866555409352,22.4264882943144,971963,968,1071856,1116024.5,1711834,1779515.62857143,NaN,NaN,NaN,NaN,NaN,NaN
01-Jul-2017,6.58397154407793,19.7688477544059,3460415,3616350,0.898558428116416,390659,414648,1642,1843,0.000426374564601979,NaN,NaN,NaN,NaN,3851074,4030998,9.82800075728891,33.2561055127445,227912,1056,299378,310209.778787879,5.77029257056417,22.5746876287244,930938,1229,1032594,1074754.84090909,1625701,1690306.19090909,NaN,NaN,NaN,NaN,NaN,NaN
01-Aug-2017,7.07057032742818,20.5326602223296,3474471,3630406,0.894049203094319,411748,435737,1734,1935,0.000446192044246606,NaN,NaN,NaN,NaN,3886219,4066143,9.7428961472343,32.5655580192166,222954,1015,294326,305673.577777778,5.83469083301897,23.0168602919273,924939,1109,1028474,1064671.16666667,1612863,1680544.62857143,NaN,NaN,NaN,NaN,NaN,NaN
01-Sep-2017,7.19150525962236,20.3237301530282,3415529,3621399,0.891015313176636,417771,449702,1778,1980,0.000463830120261915,NaN,NaN,NaN,NaN,3833300,4071101,10.3739593908629,33.1431760204082,217576,1061,290222,304127.415151515,6.36075136035982,23.7085061617072,908818,834,1015252,1064525.79545455,1568564,1652262.00909091,NaN,NaN,NaN,NaN,NaN,NaN
01-Oct-2017,6.69121534195933,20.255412372408,3393766,3624308,0.893085269734822,406281,441547,1519,1728,0.00039973189805284,NaN,NaN,NaN,NaN,3800047,4065855,10.387380741615,33.3473209249859,234281,1107,312193,327417.085714286,6.01550371720564,23.405088650007,973422,879,1087855,1149771.16666667,1669601,1770332.72380952,NaN,NaN,NaN,NaN,NaN,NaN
01-Nov-2017,6.60948090062824,20.1917126184485,3330962,3585185,0.894794498468812,391638,435440,1449,1671,0.000389244076720572,NaN,NaN,NaN,NaN,3722600,4020625,10.0034215558016,33.2865374112507,238467,858,316437,332403.60952381,5.91712074547895,23.6959047619047,989847,846,1110170,1176938.5,1644925,1754641.77142857,NaN,NaN,NaN,NaN,NaN,NaN
01-Dec-2017,7.4433837645123,21.3129446705533,3321954,3520138,0.881780339689212,445372,475790,1748,1842,0.000463989577753558,NaN,NaN,NaN,NaN,3767326,3995928,9.20899686155992,32.0978783026421,193089,547,250115,260252.931168831,5.61549058935554,23.3974311111111,786006,622,875280,918499.386363636,1336987,1409959.67489178,NaN,NaN,NaN,NaN,NaN,NaN
01-Jan-2018,7.56179549619662,21.2700014622876,3289620,3501481,0.881823833063528,440853,482475,1869,2119,0.000501008853300909,NaN,NaN,NaN,NaN,3730473,3983956,10.1837271644162,33.1993690851735,223360,740,294364,306592.236090226,6.56473937801139,24.3670355967694,978058,792,1098573,1150904.34210526,1657878,1748859.46566416,NaN,NaN,NaN,NaN,NaN,NaN
01-Feb-2018,6.59491265533428,21.3877308310992,3309184,3518355,0.879275935670021,454349,495763,2235,2485,0.000593856889258046,NaN,NaN,NaN,NaN,3763533,4014118,10.5554263565891,34.1234812286689,204707,713,275294,285923.209842789,5.61967260005721,24.0834232845027,862680,813,966604,1012504.26315789,1522794,1604294.94964684,NaN,NaN,NaN,NaN,NaN,NaN
01-Mar-2018,6.92806614544325,21.873190080935,3361133,3570304,0.872474505595712,491281,532695,2756,3006,0.000715395593516169,NaN,NaN,NaN,NaN,3852414,4102999,9.57604166666667,34.4081387591728,210847,869,283332,294492.670334928,5.42190035562614,23.8092837165941,889663,891,996080,1044275.27631579,1633324,1718899.99712919,NaN,NaN,NaN,NaN,NaN,NaN
01-Apr-2018,6.88729221393296,21.9631362934268,3519434,3664629,0.87558847390986,500073,529885,2880,3044,0.000716505780435262,NaN,NaN,NaN,NaN,4019507,4194514,10.1183266511922,35.809036939314,205679,1188,285578,292857.209842789,5.86945992175724,24.8298781491849,886504,1251,1004142,1035238.26315789,1640427,1693039.94964684,NaN,NaN,NaN,NaN,NaN,NaN
01-May-2018,6.88375003662636,21.5214687938156,3604707,3762039,0.88136003072908,485230,515383,3100,3264,0.000757957885414861,NaN,NaN,NaN,NaN,4089937,4277422,10.0108762569259,35.8694517833553,226925,1289,306502,315440.720334928,5.70530546092019,24.8251433313217,978385,1233,1092817,1130253.97631579,1746208,1808559.54712919,NaN,NaN,NaN,NaN,NaN,NaN
01-Jun-2018,7.04300174793248,21.4972686585218,3620601,3777933,0.878279294970381,501779,531932,3516,3680,0.000852905360495636,NaN,NaN,NaN,NaN,4122380,4309865,9.95718188504781,36.1767857142857,222643,1349,302608,311546.720334928,5.90045475069341,24.9156185989348,944380,1264,1061111,1098547.97631579,1675427,1737778.54712919,NaN,NaN,NaN,NaN,NaN,NaN
01-Jul-2018,7.04741013808431,21.5495491464941,3630924,3788256,0.878039862538302,504337,534490,3464,3628,0.000837673849365252,NaN,NaN,NaN,NaN,4135261,4322746,9.87564842908877,36.2085927770859,226895,1473,306985,316349.373684211,5.81518333333333,24.4941355614556,966346,1228,1088288,1127507.68947368,1714390,1779710.66842105,NaN,NaN,NaN,NaN,NaN,NaN
01-Aug-2018,7.54234029319495,22.114982316534,3632958,3790290,0.872608285863342,530374,560527,3405,3569,0.000817854545349734,NaN,NaN,NaN,NaN,4163332,4350817,9.74199811102949,36.2441095890411,217288,1360,290463,299827.373684211,5.8449507277823,24.5730213409511,904059,1048,1015966,1055185.68947368,1634177,1700161.66842105,NaN,NaN,NaN,NaN,NaN,NaN
01-Sep-2018,7.63000042202601,22.1545007091846,3584289,3741621,0.866879854190182,550412,580565,3157,3321,0.000763537677815155,NaN,NaN,NaN,NaN,4134701,4322186,10.4372921360369,36.3281684027778,207550,1412,284098,292611.066985646,6.4749792733998,25.6610416309748,880762,1178,1008884,1044538.26315789,1553736,1613118.42583732,NaN,NaN,NaN,NaN,NaN,NaN
01-Oct-2018,7.00058441619898,21.9629598270172,3646101,3774507,0.870951537165382,540241,565560,2815,2978,0.000672424756505799,NaN,NaN,NaN,NaN,4186342,4340067,10.4093855829705,36.393339100346,238070,1544,327110,335011.936124402,6.09758943982426,25.4208802024747,1033659,1525,1182308,1213004.31172249,1841759,1897657.01698565,NaN,NaN,NaN,NaN,NaN,NaN
01-Nov-2018,6.90655480367408,21.9538428133113,3626281,3754687,0.872951575403835,527765,553084,2431,2594,0.000585212585513015,NaN,NaN,NaN,NaN,4154046,4307771,9.97814438804287,36.3274952919021,234334,1399,321946,329504.373684211,5.98012674631772,25.7078587196468,1015164,1312,1162783,1192144.68947368,1757848,1811315.66842105,NaN,NaN,NaN,NaN,NaN,NaN
01-Dec-2018,7.58795743485285,22.6692664511959,3595561,3704631,0.866068630589396,556028,580177,2237,2400,0.000538829831180302,NaN,NaN,NaN,NaN,4151589,4284808,9.22707827494508,35.0064666103128,191452,946,255761,260492.236363636,5.61473734346782,25.3118920412675,823320,861,933564,953033.722727273,1431137,1467814.57272727,NaN,NaN,NaN,NaN,NaN,NaN
01-Jan-2019,7.75642676125443,22.5209897692125,3619513,3694930,0.867434985148569,553149,573726,2169,2328,0.000519812052833419,NaN,NaN,NaN,NaN,4172662,4268656,10.7303302460473,36.9243180499129,229259,1293,317121,320181.473684211,6.70828527815468,26.4525015160703,1031973,1632,1183632,1198155.78947368,1794128,1822633.36842105,NaN,NaN,NaN,NaN,NaN,NaN
01-Feb-2019,6.69157232758362,22.0644396492857,3604256,3728402,0.869729809295603,539854,577655,1962,2188,0.00047344303119367,NaN,NaN,NaN,NaN,4144110,4306057,10.7630672926448,36.7886836803224,204859,1071,284212,292656.976076555,5.83169445168013,26.106089176979,903945,1058,1033312,1059070.89952153,1638322,1686078.69856459,NaN,NaN,NaN,NaN,NaN,NaN
01-Mar-2019,6.87982250733794,22.2962217648438,3670437,3751162,0.867015841115468,562977,594305,1154,1377,0.00027259323090064,NaN,NaN,NaN,NaN,4233414,4345467,10.2631613496127,37.44486279515,218308,1385,305356,314080.329425837,5.63487808816406,25.5685036266162,959981,1325,1095701,1126052.00358852,1741493,1786535.39258373,NaN,NaN,NaN,NaN,NaN,NaN
01-Apr-2019,7.24513665013652,22.5786249489342,3718168,3798893,0.865178958067243,579403,610731,1047,1270,0.000243625992450154,NaN,NaN,NaN,NaN,4297571,4409624,9.97575107296137,37.1811776718856,200499,727,280209,288517.885167464,5.76101530941308,25.6629181848294,916599,911,1046015,1074920.71770335,1656081,1698978.51674641,NaN,NaN,NaN,NaN,NaN,NaN
01-May-2019,7.7312390851516,22.9726117985316,3809456,3890181,0.868609818334297,576237,607565,1032,1255,0.000235310588315233,NaN,NaN,NaN,NaN,4385693,4497746,10.3109165808445,37.2208218232044,215462,736,295881,304605.329425837,6.28566025901192,26.0043529019346,971840,922,1102958,1133309.00358852,1755805,1800847.39258373,NaN,NaN,NaN,NaN,NaN,NaN
01-Jun-2019,7.49210369787886,22.3987245514549,3794158,3874883,0.863241329381791,601088,632416,1089,1312,0.000247767701739561,NaN,NaN,NaN,NaN,4395246,4507299,10.6191480388022,37.2528869047619,208528,763,289203,296253.703349282,6.24988695966721,26.5214448336252,929326,867,1064501,1093406.71770335,1641179,1684076.51674641,NaN,NaN,NaN,NaN,NaN,NaN
01-Jul-2019,7.34739260431781,22.6920978097114,3752114,3865541,0.85810306437773,620454,657354,1032,1264,0.000236016912715823,NaN,NaN,NaN,NaN,4372568,4522895,10.1738652599187,37.4258219954648,226152,902,314280,324941.308851675,6.08585771658061,25.8423773324119,1022871,932,1179146,1225994.37535885,1801797,1868204.34425837,NaN,NaN,NaN,NaN,NaN,NaN
01-Aug-2019,8.02448881898379,23.6528954815153,3745921,3859348,0.849807530188541,662043,698943,1236,1468,0.00028040156407811,NaN,NaN,NaN,NaN,4407964,4558291,10.0244147552613,37.5860902255639,197404,738,275267,286018.368951529,6.06388406307039,26.2199741602067,867487,784,1006145,1048919.60358852,1577132,1637764.79258373,NaN,NaN,NaN,NaN,NaN,NaN
01-Sep-2019,7.99243758183214,23.9084124152694,3744771,3858198,0.847831151515673,672112,709012,1305,1537,0.000295457226283784,NaN,NaN,NaN,NaN,4416883,4567210,10.7148124051182,38.4448003327787,204011,910,288230,297964.238516746,6.81027496992846,27.4624762808349,919697,925,1080810,1123584.60358852,1637851,1698483.79258373,NaN,NaN,NaN,NaN,NaN,NaN
01-Oct-2019,7.55919334334913,23.7438903894746,3763231,3876658,0.846648575341924,681625,718525,1321,1553,0.000297197479513397,NaN,NaN,NaN,NaN,4444856,4595183,10.8,38.22,222984,1120,316640,327301.308851675,6.43513212680876,27.9550839763958,1018263,1371,1197666,1244514.37535885,1812825,1879232.34425837,NaN,NaN,NaN,NaN,NaN,NaN
01-Nov-2019,7.66404938574616,23.9061408605348,3723382,3836809,0.843638962287792,690096,726996,1398,1630,0.000316756988479381,NaN,NaN,NaN,NaN,4413478,4563805,10.4655092323772,38.329003021148,212632,1087,301928,311662.238516746,6.38066304013138,28.2082415598483,947316,1532,1121653,1164427.60358852,1656910,1717542.79258373,NaN,NaN,NaN,NaN,NaN,NaN
01-Dec-2019,8.33244136108358,24.8588376565505,3693390,3806817,0.836571790461914,721521,758421,1467,1699,0.000332283029035013,NaN,NaN,NaN,NaN,4414911,4565238,9.64579450863461,37.7507965242578,182692,813,252228,261498.703349282,5.9776167085979,27.554855721393,827022,1043,967600,1008337.71770335,1459872,1517617.51674641,NaN,NaN,NaN,NaN,NaN,NaN
01-Jan-2020,8.44539530337236,25.0708853037965,3685428,3798855,0.834620333745952,730266,767166,1643,1875,0.000372081942272268,NaN,NaN,NaN,NaN,4415694,4566021,11.1189468996994,39.7423103212577,211959,1293,303466,313663.77368421,7.18598584389926,29.0027297621085,977161,1371,1161316,1206127.48947368,1738294,1801814.06842105,NaN,NaN,NaN,NaN,NaN,NaN
01-Feb-2020,7.52494219228864,24.7203771250402,3678351,3791778,0.831576217833189,744997,781897,1613,1845,0.000364655912218528,NaN,NaN,NaN,NaN,4423348,4573675,11.28,39.91,197369,1330,284715,293985.703349282,6.33561854660436,29.5775315281899,887992,1492,1056998,1092843.71770335,1600454,1658199.51674641,NaN,NaN,NaN,NaN,NaN,NaN
01-Mar-2020,8.94365140516647,26.5368922783604,3375661,3489088,0.796903896864237,860309,897209,3097,3329,0.000731119436634348,NaN,NaN,NaN,NaN,4235970,4386297,8.44062957540264,38.4971945701357,153038,716,207754,217951.773684211,5.79117778940288,27.5838470898398,838268,958,978672,1018102.28947368,1220636,1284156.06842105,NaN,NaN,NaN,NaN,NaN,NaN
01-Apr-2020,12.2280230888983,30.6541622703785,2812999,2894430,0.712681917001029,1134062,1156858,11179,11255,0.00283223390771007,NaN,NaN,NaN,NaN,3947061,4051288,3.82604306864065,25.8856725146199,37382,89,41509,49536.5454545455,7.35897993046776,28.846025515211,440474,1204,528005,558385.454545455,491101,536750.727272727,NaN,NaN,NaN,NaN,NaN,NaN
01-May-2020,15.3019001019799,34.3582282655866,2392303,2473734,0.622023175748953,1453700,1476496,26717,26793,0.00694669244927786,NaN,NaN,NaN,NaN,3846003,3950230,4.0505291005291,33.8915,45885,323,54560,62186.1681818182,8.69381301271213,31.6235042735043,409616,1856,507507,536368.431818182,626540,669907.240909091,NaN,NaN,NaN,NaN,NaN,NaN
01-Jun-2020,17.5910042574776,37.3845349237298,2005831,2087262,0.519634971012236,1854246,1877042,50539,50615,0.0130927440048476,NaN,NaN,NaN,NaN,3860077,3964304,7.31086956521739,42.6830466830467,66400,1504,94360,103190.3,5.90268858937266,33.4582771219786,509356,2777,662650,696068.5,939450,989664.7,NaN,NaN,NaN,NaN,NaN,NaN
01-Jul-2020,19.5507453802183,40.0457548497644,1895264,1949710,0.468347226522701,2151443,2171983,83203,83290,0.0205606682173926,NaN,NaN,NaN,NaN,4046707,4121693,11.9333868378812,48.3473577235772,81223,4684,142818,149831.222727273,4.53559493142101,36.5207411504425,522713,5443,727273,751204.813636364,1178528,1217451.21363636,NaN,NaN,NaN,NaN,NaN,NaN
01-Aug-2020,14.7575956112305,42.122529060544,2260431,2309160,0.535632559776215,1959684,1976908,111026,111093,0.0263087617280572,NaN,NaN,NaN,NaN,4220115,4286068,12.4882445141066,NaN,83514,7785,155789,161596.545454545,4.53519950510362,39.377496382055,485135,7638,667961,686509.454545455,1114414,1145215.72727273,NaN,NaN,NaN,NaN,NaN,NaN
01-Sep-2020,12.0387779811616,43.7281882048936,2638278,2687007,0.605820499466806,1716606,1733830,139545,139612,0.0320433334159991,NaN,NaN,NaN,NaN,4354884,4420837,13.1004618937644,NaN,112665,15626,209562,215950.3,5.46840394323017,42.7947662936142,629342,14394,848349,868752.3,1332834,1366715.9,NaN,NaN,NaN,NaN,NaN,NaN
01-Oct-2020,11.1244572091487,44.8124655880222,2911270,2959999,0.654386059160814,1537587,1554811,167067,167134,0.0375527916496305,NaN,NaN,NaN,NaN,4448857,4514810,12.6189771197847,NaN,130537,21747,232466,238854.3,5.51691714736543,45.1724927775485,688510,20227,906244,926647.3,1393861,1427742.9,NaN,NaN,NaN,NaN,NaN,NaN
01-Nov-2020,10.4092153031815,45.1153851246965,3040809,3089538,0.681686914555345,1419903,1437127,192169,192236,0.0430803423310001,NaN,NaN,NaN,NaN,4460712,4526665,10.766571239815,NaN,135785,21261,222810,228907.922727273,5.73668039860993,45.5567779960707,729888,23143,941542,961017.877272727,1348049,1380390.81363636,NaN,NaN,NaN,NaN,NaN,NaN
01-Dec-2020,11.2237926468554,47.4143573143991,3067658,3116387,0.678485305108029,1453675,1470899,224205,224272,0.0495882519602073,NaN,NaN,NaN,NaN,4521333,4587286,9.18462282398453,NaN,126349,16895,191541,197638.922727273,5.23110745416677,45.4485887096774,680656,21507,847641,867116.877272727,1260501,1292842.81363636,NaN,NaN,NaN,NaN,NaN,NaN
01-Jan-2021,12.1211885940147,50.1424406590338,3038370,3087099,0.661568693626264,1554305,1571529,304044,304111,0.066201941134524,NaN,NaN,NaN,NaN,4592675,4658628,7.8237551159618,NaN,102743,8726,139378,143782.545454545,6.15559066081182,46.7182214194645,663722,20692,822218,834773.454545455,1185074,1206916.72727273,NaN,NaN,NaN,NaN,NaN,NaN
01-Feb-2021,12.5881041725746,NaN,3030448,3079177,0.645002881864008,1667900,1685124,387885,387952,0.0825577415721441,NaN,NaN,NaN,NaN,4698348,4764301,7.79034181240064,NaN,111890,11337,152642,157046.545454545,5.87190054839686,48.382815581854,653808,26063,819226,831781.454545455,1253853,1275695.72727273,NaN,NaN,NaN,NaN,NaN,NaN
01-Mar-2021,11.5754876443487,NaN,3186952,3186952,0.643790059465119,1763345,1763345,436127,436127,0.0881011785757501,NaN,NaN,NaN,NaN,4950297,4950297,8.8630219028063,NaN,148638,23733,220349,220349,5.3889646385623,45.4730245231607,802184,39960,1013328,1013328,1614201,1614201,NaN,NaN,NaN,NaN,NaN,NaN
01-Apr-2021,11.0133730301175,48.686629062584,3311746,3311746,0.646356151208195,1811971,1811971,385379,385379,0.0752147318050548,64846,64846,2608,2608,5123717,5123717,11.0744902687674,68.3803545051699,135500,28987,223606,223606,5.83332663599285,42.7878581835842,730879,36035,935418,935418,1497830,1497830,NaN,NaN,NaN,NaN,NaN,NaN
01-May-2021,10.8182035451105,45.3357935627081,3576159,3576159,0.674057026534161,1729266,1729266,336779,336779,0.0634782321868653,79055,79055,3927,3927,5305425,5305425,11.3857200647249,72.2352062588904,146711,31290,242793,242793,5.93,43.15,753503,34536,955913,955913,1516276,1516276,NaN,NaN,NaN,NaN,NaN,NaN
01-Jun-2021,10.4515154821989,44.1581216708719,3749231,3749231,0.687492550636419,1704255,1704255,304823,304823,0.0558950733530809,85959,85959,5727,5727,5453486,5453486,11.1048993875766,73.4871414441147,171523,30950,275835,275835,6.03262466420416,42.7194279734914,846744,33299,1063055,1063055,1674642,1674642,NaN,NaN,NaN,NaN,NaN,NaN
01-Jul-2021,10.9080472471883,43.8313156095982,3828136,3828136,0.682672399864897,1779438,1779438,293102,293102,0.0522689491034804,102304,102304,7980,7980,5607574,5607574,10.71,74.27,167303,25551,260164,261519,6.1892916095134,41.9532139577594,802830,28242,1002261,1007211,1605526,1605526,NaN,NaN,NaN,NaN,NaN,NaN
01-Aug-2021,11.4848850613334,44.3525813822813,3865241,3879564,0.676250039802663,1850457,1861185,292138,295362,0.0511115177883786,121711,122653,9754,9803,5715698,5740749,10.3356587918186,74.6075277337559,154611,20551,232629,233922.409090909,6.38238335272069,42.4688655309895,725295,25456,906690,911415,1469370,1472158.22727273,NaN,NaN,NaN,NaN,NaN,NaN
01-Sep-2021,11.9,44.5,3879621,3893944,0.664986294269817,1955374,1966102,301274,304498,0.0516322636094804,123969,124911,12645,12694,5834995,5860046,11.1348807128485,71.81301369863,164412,22523,252930,254285,7.28431890179514,43.7158837056504,812644,30788,1041007,1045957,1626494,1629415,NaN,NaN,NaN,NaN,NaN,NaN
01-Oct-2021,11.9975069451362,44.4140847439807,3921948,3921948,0.656369242551232,2053268,2053268,312665,312665,0.052326978639768,106171,106171,16225,16225,5975216,5975216,11.1484387510008,67.0843055555555,165080,23046,255128,255128,7.04929026825454,44.5464004113815,792409,32435,1027112,1027112,1588306,1588306,NaN,NaN,NaN,NaN,NaN,NaN
01-Nov-2021,11.504798780624,42.8885502562081,3929317,3929317,0.655415305289804,2065839,2065839,306996,306996,0.0512073413936184,87386,87386,18585,18585,5995156,5995156,11.2041706311449,67.057601713062,176073,25626,276535,276535,7.12034760594922,44.6431300987548,871642,38761,1146467,1146467,1683740,1683740,NaN,NaN,NaN,NaN,NaN,NaN
01-Dec-2021,12.4957414335039,43.4499605324771,3873658,3873658,0.638445667827969,2193668,2193668,310813,310813,0.0512273446325449,80059,80059,20065,20065,6067326,6067326,9.99906000313332,64.6955337690632,150379,19156,225912,225912,6.6106119014008,43.473697804563,729692,31684,946030,946030,1427778,1427778,NaN,NaN,NaN,NaN,NaN,NaN
01-Jan-2022,13.0315278083903,44.2476436995236,3834325,3834325,0.628160193812114,2269731,2269731,311528,311528,0.0510362290254218,75992,75992,23778,23778,6104056,6104056,11.1699790794979,66.4581081081081,146451,19356,226856,226856,8.00911005053341,45.1070588235294,759575,34930,1011702,1011702,1513035,1513035,NaN,NaN,NaN,NaN,NaN,NaN
01-Feb-2022,13.0596876984487,43.8781342747726,3871445,3871445,0.626122901027186,2311758,2311758,299478,299478,0.048434120632947,68493,68493,23281,23281,6183203,6183203,12.2930949241925,69.3511340206185,152946,22814,247802,247802,7.73665389527458,46.3120799103809,752611,36556,1010732,1010732,1546495,1546495,NaN,NaN,NaN,NaN,NaN,NaN
01-Mar-2022,12.0025131358497,44.2891647098289,3968576,3968576,0.624181313453024,2389474,2389474,306286,306286,0.0481729461076903,62754,62754,16796,16796,6358050,6358050,12.4173402617398,70.3250929368029,172163,26460,282545,282545,6.92859050247007,46.1918528864059,862804,41459,1157333,1157333,1785033,1785033,NaN,NaN,NaN,NaN,NaN,NaN
01-Apr-2022,12.5673263325882,45.0087564736689,3997440,4025824,0.616692556058156,2484623,2499682,323093,324254,0.0498441622674757,63639,63728,12735,12736,6482063,6525506,11.4152249134948,65.7021518987341,143793,19958,233919,236669.043478261,7.00022060121184,46.4989698307579,703744,33063,942179,949207.347826087,1495909,1507049.60869565,NaN,NaN,NaN,NaN,NaN,NaN
01-May-2022,12.7138190182528,45.2597524916444,4194013,4236756,0.634920968934234,2411554,2427784,331623,332853,0.0502035631460554,59762,59813,8028,8030,6605567,6664540,12.3878982753581,67.6159959758551,172941,26627,282535,284851.631578947,7.8871998772661,48.0269369369369,820075,42752,1105622,1116003.73684211,1733132,1748047.52631579,NaN,NaN,NaN,NaN,NaN,NaN
01-Jun-2022,13.2626755261694,45.712098883668,4184599,4227342,0.62218664027609,2541034,2557264,355774,357004,0.0528982179075189,53911,53962,3861,3863,6725633,6784606,12.6753887309814,68.7621444201313,161482,26034,265878,268084.315789474,7.77910536190382,48.8676108012914,759531,41745,1035045,1044932.36842105,1597775,1611980.26315789,NaN,NaN,NaN,NaN,NaN,NaN
01-Jul-2022,13.2507042687942,45.9218715885431,4173669,4237289,0.610303928847014,2665004,2698351,377689,381187,0.0552284046919629,51838,52081,2885,2885,6838673,6935640,11.9940683879972,64.6828682170542,162553,24701,265098,268308.457894737,7.55322878517545,48.8376259234385,743749,41969,1015337,1029350.57631579,1602408,1623110.07631579,NaN,NaN,NaN,NaN,NaN,NaN
01-Aug-2022,13.7848978665232,46.3793151936225,4257514,4298070,0.607933509784592,2745742,2772129,387257,390571,0.0552967077028171,50888,51129,2646,2646,7003256,7070199,11.951985727583,65.0313901345291,169406,25526,275828,277902.6,7.71522631398928,50.2025258112094,767938,48088,1061667,1069324.1,1649719,1663041.1,NaN,NaN,NaN,NaN,NaN,NaN
01-Sep-2022,13.9749807923406,46.8345555584544,4202684,4243240,0.594285297339627,2869145,2895532,401537,404851,0.0567797948734337,50539,50780,2239,2239,7071829,7138772,12.5498553813366,66.7100144092219,169931,27417,280872,282852.3,8.57686058863963,51.5850286989796,769884,52900,1085392,1092701.05,1631921,1644637.55,NaN,NaN,NaN,NaN,NaN,NaN
01-Oct-2022,13.8684471701268,46.5288732354682,4182612,4305191,0.601499040719208,2771035,2907180,383724,410983,0.0551831290831991,46157,50124,1822,1907,6953647,7212371,12.4587670787248,66.4328796561604,171704,27460,281980,286950.3,8.62476104235839,52.512070610687,773419,56573,1100616,1120118.05,1660498,1693799.55,NaN,NaN,NaN,NaN,NaN,NaN
